{
    "parent": "item/handheld",
    "textures": {
        "layer0": "item/brick"
    },
	"overrides": [
		{ "predicate": { "custom_model_data": 1 }, "model": "item/item/menuitem1"},
		{ "predicate": { "custom_model_data": 2 }, "model": "item/item/menuitem2"},
		{ "predicate": { "custom_model_data": 3 }, "model": "item/item/menuitem3"},
		{ "predicate": { "custom_model_data": 4 }, "model": "item/item/menuitem4"},
		{ "predicate": { "custom_model_data": 5 }, "model": "item/item/menuitem5"},
		{ "predicate": { "custom_model_data": 6 }, "model": "item/item/menuitem6"},
		{ "predicate": { "custom_model_data": 7 }, "model": "item/item/menuitem7"},
		{ "predicate": { "custom_model_data": 8 }, "model": "item/item/menuitemosnova1"},
		{ "predicate": { "custom_model_data": 9 }, "model": "item/item/menuitemosnova2"},
		{ "predicate": { "custom_model_data": 10 }, "model": "item/item/menuitemosnova3"},
		{ "predicate": { "custom_model_data": 11 }, "model": "item/item/menuitemosnova4"},
		{ "predicate": { "custom_model_data": 12 }, "model": "item/item/menuitemosnova5"},
		{ "predicate": { "custom_model_data": 13 }, "model": "item/item/menuitemosnova6"},
		{ "predicate": { "custom_model_data": 14 }, "model": "item/item/menuauctionitem"},	
		{ "predicate": { "custom_model_data": 15 }, "model": "item/item/menuauctionitem2"},
		{ "predicate": { "custom_model_data": 16 }, "model": "item/item/rewardchest"},
		{ "predicate": { "custom_model_data": 17 }, "model": "item/item/petsmenuitem"},
		{ "predicate": { "custom_model_data": 18 }, "model": "item/item/casemenuitem1"},
		{ "predicate": { "custom_model_data": 19 }, "model": "item/item/casemenuitem2"},
		{ "predicate": { "custom_model_data": 20 }, "model": "item/item/casemenuitem3"},
		{ "predicate": { "custom_model_data": 21 }, "model": "item/item/rewardchestcooldown"},
		{ "predicate": { "custom_model_data": 22 }, "model": "item/item/rewardchestfull"},
		{ "predicate": { "custom_model_data": 23 }, "model": "item/item/menuitemkit"},
		{ "predicate": { "custom_model_data": 24 }, "model": "item/item/caseitem1"},
		{ "predicate": { "custom_model_data": 25 }, "model": "item/item/caseitem2"},
		{ "predicate": { "custom_model_data": 26 }, "model": "item/item/caseitem3"},
		{ "predicate": { "custom_model_data": 27 }, "model": "item/item/caseitem4"},
		{ "predicate": { "custom_model_data": 28 }, "model": "item/item/caseitem5"},
		{ "predicate": { "custom_model_data": 29 }, "model": "item/item/caseitem6"},
		{ "predicate": { "custom_model_data": 30 }, "model": "item/item/goldenmoney"},
		{ "predicate": { "custom_model_data": 31 }, "model": "item/item/caseicon1"},
		{ "predicate": { "custom_model_data": 32 }, "model": "item/item/caseicon2"},
		{ "predicate": { "custom_model_data": 33 }, "model": "item/item/caseicon3"},
		{ "predicate": { "custom_model_data": 34 }, "model": "item/item/caseicon4"},
		{ "predicate": { "custom_model_data": 35 }, "model": "item/item/caseicon5"},
		{ "predicate": { "custom_model_data": 36 }, "model": "item/item/caseicon6"},
		{ "predicate": { "custom_model_data": 37 }, "model": "item/item/caseicon7"},
		{ "predicate": { "custom_model_data": 38 }, "model": "item/item/caseicon8"},
		{ "predicate": { "custom_model_data": 39 }, "model": "item/item/caseicon9"},
		{ "predicate": { "custom_model_data": 40 }, "model": "item/item/caseicon10"},
		{ "predicate": { "custom_model_data": 41 }, "model": "item/item/freecasebow3_1"},
		{ "predicate": { "custom_model_data": 42 }, "model": "item/item/caseicon11"},
		{ "predicate": { "custom_model_data": 43 }, "model": "item/item/caseicon12"},
		{ "predicate": { "custom_model_data": 44 }, "model": "item/item/caseicon13"},
		{ "predicate": { "custom_model_data": 45 }, "model": "item/item/caseicon14"},
		{ "predicate": { "custom_model_data": 46 }, "model": "item/item/caseicon15"},
		{ "predicate": { "custom_model_data": 47 }, "model": "item/item/caseicon16"},
		{ "predicate": { "custom_model_data": 48 }, "model": "item/item/psiron"},
		{ "predicate": { "custom_model_data": 49 }, "model": "item/item/psgold"},
		{ "predicate": { "custom_model_data": 50 }, "model": "item/item/psdiamond"},
		{ "predicate": { "custom_model_data": 51 }, "model": "item/item/psemerald"},
		{ "predicate": { "custom_model_data": 52 }, "model": "item/item/psnetherite"},
		{ "predicate": { "custom_model_data": 53 }, "model": "item/item/pvpmenuitem"},
		{ "predicate": { "custom_model_data": 54 }, "model": "item/item/petcase"},
		{ "predicate": { "custom_model_data": 55 }, "model": "item/item/petcase1"},
		{ "predicate": { "custom_model_data": 56 }, "model": "item/item/menuitemclan"}, 
		{ "predicate": { "custom_model_data": 57 }, "model": "item/item/questmenuitem1"},
		{ "predicate": { "custom_model_data": 58 }, "model": "item/item/questmenuitem2"},
		{ "predicate": { "custom_model_data": 59 }, "model": "item/item/questmenuitem3"},
		{ "predicate": { "custom_model_data": 60 }, "model": "item/item/itemlocation1"},
		{ "predicate": { "custom_model_data": 61 }, "model": "item/item/itemlocation2"},
		{"predicate": {"custom_model_data":2520}, "model": "rpg_mount_2_model/icon_capybara"},
		{"predicate": {"custom_model_data":2521}, "model": "rpg_mount_2_model/icon_horse_glacial"},
		{"predicate": {"custom_model_data":2522}, "model": "rpg_mount_2_model/icon_horse_magma"},
		{"predicate": {"custom_model_data":2523}, "model": "rpg_mount_2_model/icon_horse_pegasus"},
		{"predicate": {"custom_model_data":2524}, "model": "rpg_mount_2_model/icon_horse_spartan"},
		{"predicate": {"custom_model_data":2525}, "model": "rpg_mount_2_model/icon_horse_unicorn"},
		{"predicate": {"custom_model_data":2526}, "model": "rpg_mount_2_model/icon_kitsune_demonic"},
		{"predicate": {"custom_model_data":2527}, "model": "rpg_mount_2_model/icon_kitsune_inferno"},
		{"predicate": {"custom_model_data":2528}, "model": "rpg_mount_2_model/icon_kitsune_normal"},
		{"predicate": {"custom_model_data":2529}, "model": "rpg_mount_2_model/icon_phantom_ender"},
		{"predicate": {"custom_model_data":2530}, "model": "rpg_mount_2_model/icon_phantom_ghost"},
		{"predicate": {"custom_model_data":2531}, "model": "rpg_mount_2_model/icon_phoenix_darkflame"},
		{"predicate": {"custom_model_data":2532}, "model": "rpg_mount_2_model/icon_phoenix_flame"},
		{"predicate": {"custom_model_data":2533}, "model": "rpg_mount_2_model/icon_phoenix_light"},
		{"predicate": {"custom_model_data":2534}, "model": "rpg_mount_2_model/icon_phoenix_thunder"}
	]
}